file,age,gender,race,service_test
val/4.jpg,20-29,Female,Latino_Hispanic,True
val/5.jpg,20-29,Male,Southeast Asian,False
val/7.jpg,20-29,Male,Black,True
val/10.jpg,3-9,Male,Southeast Asian,False
val/15.jpg,30-39,Female,Latino_Hispanic,False
val/18.jpg,20-29,Female,White,False
val/20.jpg,40-49,Female,Middle Eastern,True
val/33.jpg,20-29,Male,Southeast Asian,True
val/38.jpg,40-49,Male,Middle Eastern,False
val/42.jpg,20-29,Female,Indian,False
val/47.jpg,40-49,Male,White,True
val/50.jpg,20-29,Female,White,True
val/60.jpg,10-19,Female,Southeast Asian,True
val/70.jpg,20-29,Male,Indian,True
val/72.jpg,30-39,Male,White,False
val/81.jpg,30-39,Male,Black,False
val/94.jpg,50-59,Female,Latino_Hispanic,False
val/97.jpg,50-59,Female,Indian,True
val/98.jpg,20-29,Male,East Asian,False
val/101.jpg,30-39,Female,East Asian,False
val/107.jpg,30-39,Male,Southeast Asian,False
val/115.jpg,10-19,Male,Middle Eastern,True
val/125.jpg,3-9,Female,Black,False
val/132.jpg,30-39,Male,Black,False
val/134.jpg,30-39,Female,Latino_Hispanic,False
val/139.jpg,40-49,Female,Latino_Hispanic,True
val/143.jpg,20-29,Female,Black,False
val/148.jpg,30-39,Male,White,False
val/151.jpg,20-29,Female,Southeast Asian,True
val/161.jpg,30-39,Female,Middle Eastern,True
val/162.jpg,30-39,Male,East Asian,True
val/167.jpg,10-19,Female,Black,False
val/170.jpg,20-29,Female,East Asian,False
val/171.jpg,30-39,Female,Black,False
val/198.jpg,10-19,Female,Black,True
val/200.jpg,10-19,Female,White,True
val/202.jpg,40-49,Male,Black,False
val/213.jpg,20-29,Female,Latino_Hispanic,True
val/214.jpg,60-69,Male,Middle Eastern,False
val/215.jpg,3-9,Female,Latino_Hispanic,False
val/217.jpg,3-9,Female,Black,True
val/218.jpg,20-29,Female,Black,False
val/220.jpg,30-39,Male,Indian,False
val/221.jpg,60-69,Female,Black,True
val/228.jpg,40-49,Female,Southeast Asian,True
val/229.jpg,3-9,Female,Latino_Hispanic,True
val/231.jpg,3-9,Male,Black,False
val/236.jpg,30-39,Female,Latino_Hispanic,False
val/243.jpg,60-69,Female,Black,False
val/244.jpg,50-59,Male,Black,False
